sort_order,name,slug,file
1,Todd Graves,todd-graves,todd-graves.png
2,Tom Brady,tom-brady,tom-brady.png
3,Rob Gronkowski,rob-gronkowski,rob-gronkowski.png
4,Michael Rubin,michael-rubin,michael-rubin.png
5,LeBron James,lebron-james,lebron-james.png
6,Serena Williams,serena-williams,serena-williams.png
7,Mike Tyson,mike-tyson,mike-tyson.png
8,Shaquille O'Neal,shaquille-o-neal,shaquille-o-neal.png
9,David Beckham,david-beckham,david-beckham.png
10,Kevin Durant,kevin-durant,kevin-durant.png
11,John Cena,john-cena,john-cena.png
12,Floyd Mayweather,floyd-mayweather,floyd-mayweather.png
13,Novak Djokovic,novak-djokovic,novak-djokovic.png
14,Kevin Hart,kevin-hart,kevin-hart.png
15,Mark Wahlberg,mark-wahlberg,mark-wahlberg.png
16,Ryan Reynolds,ryan-reynolds,ryan-reynolds.png
17,JAY-Z,jay-z,jay-z.png
18,Lil Wayne,lil-wayne,lil-wayne.png
19,Travis Scott,travis-scott,travis-scott.png
20,DJ Khaled,dj-khaled,dj-khaled.png
21,Allen Iverson,allen-iverson,allen-iverson.png
22,Dennis Rodman,dennis-rodman,dennis-rodman.png
23,Scottie Pippen,scottie-pippen,scottie-pippen.png
24,Derek Jeter,derek-jeter,derek-jeter.png
25,Alex Rodriguez,alex-rodriguez,alex-rodriguez.png
26,Zlatan Ibrahimović,zlatan-ibrahimovic,zlatan-ibrahimovic.png
27,iShowSpeed,ishowspeed,ishowspeed.png
28,Logan Paul,logan-paul,logan-paul.png
29,The Undertaker,the-undertaker,the-undertaker.png
30,Jerry Rice,jerry-rice,jerry-rice.png
31,Emmitt Smith,emmitt-smith,emmitt-smith.png
32,Barry Sanders,barry-sanders,barry-sanders.png
33,Joe Montana,joe-montana,joe-montana.png
34,Brett Favre,brett-favre,brett-favre.png
35,Randy Moss,randy-moss,randy-moss.png
36,Lawrence Taylor,lawrence-taylor,lawrence-taylor.png
37,James Harden,james-harden,james-harden.png
38,Draymond Green,draymond-green,draymond-green.png
39,Klay Thompson,klay-thompson,klay-thompson.png
40,Stephen A. Smith,stephen-a-smith,stephen-a-smith.png
41,Spike Lee,spike-lee,spike-lee.png
42,Dana White,dana-white,dana-white.png
43,Mariano Rivera,mariano-rivera,mariano-rivera.png
44,David Ortiz,david-ortiz,david-ortiz.png
45,Victor Wembanyama,victor-wembanyama,victor-wembanyama.png
46,Anthony Edwards,anthony-edwards,anthony-edwards.png
47,Gary Vaynerchuk,gary-vaynerchuk,gary-vaynerchuk.png
48,Tim Tebow,tim-tebow,tim-tebow.png
49,Odell Beckham Jr.,odell-beckham-jr,odell-beckham-jr.png
50,Julius Erving,julius-erving,julius-erving.png
51,Patrick Ewing,patrick-ewing,patrick-ewing.png
52,Dominique Wilkins,dominique-wilkins,dominique-wilkins.png
53,Marshawn Lynch,marshawn-lynch,marshawn-lynch.png
54,Terence Crawford,terence-crawford,terence-crawford.png
55,Tyrese Haliburton,tyrese-haliburton,tyrese-haliburton.png
56,Trae Young,trae-young,trae-young.png
57,Aaron Judge,aaron-judge,aaron-judge.png
58,Alex Ovechkin,alex-ovechkin,alex-ovechkin.png
59,Dwight Howard,dwight-howard,dwight-howard.png
60,Joe Burrow,joe-burrow,joe-burrow.png
61,Ja'Marr Chase,ja-marr-chase,ja-marr-chase.png
62,Justin Jefferson,justin-jefferson,justin-jefferson.png
63,Jalen Brunson,jalen-brunson,jalen-brunson.png
64,Karl-Anthony Towns,karl-anthony-towns,karl-anthony-towns.png
65,Paolo Banchero,paolo-banchero,paolo-banchero.png
66,Cade Cunningham,cade-cunningham,cade-cunningham.png
67,Cooper Flagg,cooper-flagg,cooper-flagg.png
68,Jayden Daniels,jayden-daniels,jayden-daniels.png
69,Alex Morgan,alex-morgan,alex-morgan.png
70,Abby Wambach,abby-wambach,abby-wambach.png
71,Candace Parker,candace-parker,candace-parker.png
72,Sean O'Malley,sean-o-malley,sean-o-malley.png
73,Justin Gaethje,justin-gaethje,justin-gaethje.png
74,Shannon Sharpe,shannon-sharpe,shannon-sharpe.png
75,Michael Irvin,michael-irvin,michael-irvin.png
76,Paul Pierce,paul-pierce,paul-pierce.png
77,Gilbert Arenas,gilbert-arenas,gilbert-arenas.png
78,Amar'e Stoudemire,amar-e-stoudemire,amar-e-stoudemire.png
79,Russell Wilson,russell-wilson,russell-wilson.png
80,Jameis Winston,jameis-winston,jameis-winston.png
81,Seth Rollins,seth-rollins,seth-rollins.png
82,Livvy Dunne,livvy-dunne,livvy-dunne.png
83,Kay Adams,kay-adams,kay-adams.png
84,Taylor Rooks,taylor-rooks,taylor-rooks.png
85,Puka Nacua,puka-nacua,puka-nacua.png
86,Jahmyr Gibbs,jahmyr-gibbs,jahmyr-gibbs.png
87,Amon-Ra St. Brown,amon-ra-st-brown,amon-ra-st-brown.png
88,Patrick Kane,patrick-kane,patrick-kane.png
89,Jack Hughes,jack-hughes,jack-hughes.png
90,Noah Lyles,noah-lyles,noah-lyles.png
91,Mike Piazza,mike-piazza,mike-piazza.png
92,Roger Clemens,roger-clemens,roger-clemens.png
93,CC Sabathia,cc-sabathia,cc-sabathia.png
94,Jorge Posada,jorge-posada,jorge-posada.png
95,Don Mattingly,don-mattingly,don-mattingly.png
96,Keith Hernandez,keith-hernandez,keith-hernandez.png
97,Carlos Beltrán,carlos-beltran,carlos-beltran.png
98,Julian Edelman,julian-edelman,julian-edelman.png
99,James Harrison,james-harrison,james-harrison.png
100,Channing Crowder,channing-crowder,channing-crowder.png
